{ "GameEntityList": [ { "UnitName": "Standard MeleeUnit", "Position": [ 14, 0, 15 ], "Rotation": [ 0, 0.71, 0, 0.71 ], "Player": 1 }, { "UnitName": "Standard MeleeUnit", "Position": [ 14, 0, 16 ], "Rotation": [ 0, 0.71, 0, 0.71 ], "Player": 1 }, { "UnitName": "Standard MeleeUnit", "Position": [ 14, 0, 17 ], "Rotation": [ 0, 0.71, 0, 0.71 ], "Player": 1 }, { "UnitName": "Standard RangedUnit", "Position": [ 13, 0, 15.5 ], "Rotation": [ 0, 0.71, 0, 0.71 ], "Player": 1 }, { "UnitName": "Standard RangedUnit", "Position": [ 13, 0, 16.5 ], "Rotation": [ 0, 0.71, 0, 0.71 ], "Player": 1 } ] }