{ "GameEntityList": [ { "UnitName": "Standard MeleeUnit", "Position": [ 16.51, 0, 15.97 ], "Rotation": [ 0, 0, 0, 1 ], "Player": -1 }, { "UnitName": "Standard MeleeUnit", "Position": [ 14.3, 0, 15.9 ], "Rotation": [ 0, 0, 0, 1 ], "Player": 1 }, { "UnitName": "Standard MeleeUnit Rabbit", "Position": [ 14.38, 0, 18.28 ], "Rotation": [ 0, 0, 0, 1 ], "Player": 1 }, { "UnitName": "Standard MeleeUnit Rabbit", "Position": [ 16.91, 0, 18.36 ], "Rotation": [ 0, 0, 0, 1 ], "Player": -1 }, { "UnitName": "Standard MeleeUnit Turkey", "Position": [ 13.97, 0, 13.51 ], "Rotation": [ 0, 0, 0, 1 ], "Player": 1 }, { "UnitName": "Standard MeleeUnit Turkey", "Position": [ 16.44, 0, 13.44 ], "Rotation": [ 0, 0, 0, 1 ], "Player": -1 }, { "UnitName": "Super Secret Invisible Dude", "Position": [ 15.72, 0, 20.4 ], "Rotation": [ 0, 1, 0, -0.02 ], "Player": 1 }, { "UnitName": "Super Secret Invisible Dude", "Position": [ 10.86, 0, 16.31 ], "Rotation": [ 0, 0.91, 0, 0.41 ], "Player": 1 }, { "UnitName": "Super Secret Invisible Dude", "Position": [ 20.19, 0, 16.68 ], "Rotation": [ 0, -0.86, 0, 0.5 ], "Player": 1 }, { "UnitName": "Invisible Goof", "Position": [ 1.14, 0, 29.88 ], "Rotation": [ 0, 0.97, 0, 0.24 ], "Player": 1 } ] }