{
    "behaviors": {
        "Event PlayAnim Attack": {
            "duration": 0.0625
        },
        "System HitReaction": {
            "damageResponse": {
                "chance": 1,
                "effect": "System HitReaction Apply Trigger"
            }
        },
        "System HitReaction Trigger": {
            "startEffect": "System HitReaction Remove Trigger"
        },
        "System Knockback": {
            "damageResponse": {
                "chance": 1,
                "location": 1,
                "fatalOnly": true,
                "effect": "System Death Knockback Create"
            }
        },
        "Unit Tag Troop": {}
    }
}