{ "GameEntityList": [ { "UnitName": "Ship", "Position": [ 4.26, 0, 2.75 ], "Rotation": [ 0, 0, 0, 1 ], "Player": 1 }, { "UnitName": "Arcade NTB OffScreen Remover", "Position": [ 10.43, 0, 5.94 ], "Rotation": [ 0, 0, 0, 1 ], "Player": 1 }, { "UnitName": "Arcade NTB OffScreen Remover", "Position": [ 13.79, 0, 45.68 ], "Rotation": [ 0, 0, 0, 1 ], "Player": 1 }, { "UnitName": "Arcade NTB OffScreen Remover Vertical", "Position": [ 33.23, 0, 25.04 ], "Rotation": [ 0, 0, 0, 1 ], "Player": 1 }, { "UnitName": "Arcade NTB OffScreen Remover Vertical", "Position": [ -8.59, 0, 24.71 ], "Rotation": [ 0, 0, 0, 1 ], "Player": 1 } ] }