{ "RoutesData": { "NewRoute": { "PointPairs": [ { "LeftPoint": { "X": 18.15, "Y": 0, "Z": 13.11 }, "RightPoint": { "X": 17.21, "Y": 0, "Z": 14.2 } }, { "LeftPoint": { "X": 16.55, "Y": 0, "Z": 11.73 }, "RightPoint": { "X": 15.61, "Y": 0, "Z": 12.81 } }, { "LeftPoint": { "X": 16.55, "Y": 0, "Z": 11.73 }, "RightPoint": { "X": 15.4, "Y": 0, "Z": 12.58 } }, { "LeftPoint": { "X": 16.54, "Y": 0, "Z": 11.68 }, "RightPoint": { "X": 15.25, "Y": 0, "Z": 12.31 } }, { "LeftPoint": { "X": 16.48, "Y": 0, "Z": 11.53 }, "RightPoint": { "X": 15.12, "Y": 0, "Z": 12.01 } }, { "LeftPoint": { "X": 16.45, "Y": 0, "Z": 11.44 }, "RightPoint": { "X": 15.04, "Y": 0, "Z": 11.7 } }, { "LeftPoint": { "X": 16.45, "Y": 0, "Z": 11.44 }, "RightPoint": { "X": 15.01, "Y": 0, "Z": 11.4 } }, { "LeftPoint": { "X": 16.55, "Y": 0, "Z": 10 }, "RightPoint": { "X": 15.11, "Y": 0, "Z": 9.91 } }, { "LeftPoint": { "X": 16.55, "Y": 0, "Z": 10 }, "RightPoint": { "X": 15.19, "Y": 0, "Z": 9.55 } }, { "LeftPoint": { "X": 16.56, "Y": 0, "Z": 10 }, "RightPoint": { "X": 15.36, "Y": 0, "Z": 9.21 } }, { "LeftPoint": { "X": 16.61, "Y": 0, "Z": 9.94 }, "RightPoint": { "X": 15.61, "Y": 0, "Z": 8.91 } }, { "LeftPoint": { "X": 16.65, "Y": 0, "Z": 9.92 }, "RightPoint": { "X": 15.91, "Y": 0, "Z": 8.68 } }, { "LeftPoint": { "X": 16.65, "Y": 0, "Z": 9.92 }, "RightPoint": { "X": 16.25, "Y": 0, "Z": 8.54 } }, { "LeftPoint": { "X": 19.34, "Y": 0, "Z": 9.23 }, "RightPoint": { "X": 18.98, "Y": 0, "Z": 7.83 } } ], "DisableRally": false } } }