{ "GameEntityList": [ { "UnitName": "Standard MeleeUnit", "Position": [ 18.23, 0, 12.35 ], "Rotation": [ 0, -0.37, 0, 0.93 ], "Player": 1 }, { "UnitName": "Standard RangedUnit", "Position": [ 15.15, 0, 19.03 ], "Rotation": [ 0, 0, 0, 1 ], "Player": 1 }, { "UnitName": "Standard RangedUnit", "Position": [ 10.5, 0, 17.07 ], "Rotation": [ 0, 0, 0, 1 ], "Player": 1 }, { "UnitName": "Standard RangedUnit", "Position": [ 15.41, 0, 12.38 ], "Rotation": [ 0, 0, 0, 1 ], "Player": 1 }, { "UnitName": "Standard RangedUnit", "Position": [ 14.89, 0, 17.52 ], "Rotation": [ 0, 0, 0, 1 ], "Player": 1 }, { "UnitName": "Standard RangedUnit", "Position": [ 14.16, 0, 13.49 ], "Rotation": [ 0, 0, 0, 1 ], "Player": 1 }, { "UnitName": "Standard RangedUnit", "Position": [ 14.05, 0, 18.34 ], "Rotation": [ 0, 0, 0, 1 ], "Player": 1 }, { "UnitName": "Standard RangedUnit", "Position": [ 10.37, 0, 15.49 ], "Rotation": [ 0, 0, 0, 1 ], "Player": 1 }, { "UnitName": "Standard RangedUnit", "Position": [ 9.34, 0, 16.39 ], "Rotation": [ 0, 0, 0, 1 ], "Player": 1 }, { "UnitName": "Standard RangedUnit", "Position": [ 11.47, 0, 16.09 ], "Rotation": [ 0, 0, 0, 1 ], "Player": 1 }, { "UnitName": "Standard RangedUnit", "Position": [ 17.34, 0, 15.65 ], "Rotation": [ 0, 0, 0, 1 ], "Player": 1 }, { "UnitName": "Standard RangedUnit", "Position": [ 13.04, 0, 12.46 ], "Rotation": [ 0, 0, 0, 1 ], "Player": 1 }, { "UnitName": "Standard RangedUnit", "Position": [ 18.58, 0, 19.21 ], "Rotation": [ 0, 0, 0, 1 ], "Player": 1 } ] }