{ "RoutesData": { "MainDirect": { "PointPairs": [ { "LeftPoint": { "X": 9.83, "Y": 0, "Z": 26.92 }, "RightPoint": { "X": 8.41, "Y": 0, "Z": 26.69 } }, { "LeftPoint": { "X": 10.28, "Y": 0, "Z": 24.66 }, "RightPoint": { "X": 8.68, "Y": 0, "Z": 24.4 } }, { "LeftPoint": { "X": 10.3, "Y": 0, "Z": 24.61 }, "RightPoint": { "X": 8.68, "Y": 0, "Z": 24.4 } }, { "LeftPoint": { "X": 10.32, "Y": 0, "Z": 24.53 }, "RightPoint": { "X": 8.68, "Y": 0, "Z": 24.32 } }, { "LeftPoint": { "X": 10.35, "Y": 0, "Z": 24.38 }, "RightPoint": { "X": 8.69, "Y": 0, "Z": 24.16 } }, { "LeftPoint": { "X": 10.39, "Y": 0, "Z": 24.13 }, "RightPoint": { "X": 8.71, "Y": 0, "Z": 23.92 } }, { "LeftPoint": { "X": 10.44, "Y": 0, "Z": 23.81 }, "RightPoint": { "X": 8.75, "Y": 0, "Z": 23.59 } }, { "LeftPoint": { "X": 10.49, "Y": 0, "Z": 23.46 }, "RightPoint": { "X": 8.79, "Y": 0, "Z": 23.24 } }, { "LeftPoint": { "X": 10.54, "Y": 0, "Z": 23.13 }, "RightPoint": { "X": 8.82, "Y": 0, "Z": 22.91 } }, { "LeftPoint": { "X": 10.58, "Y": 0, "Z": 22.89 }, "RightPoint": { "X": 8.84, "Y": 0, "Z": 22.67 } }, { "LeftPoint": { "X": 10.61, "Y": 0, "Z": 22.73 }, "RightPoint": { "X": 8.85, "Y": 0, "Z": 22.51 } }, { "LeftPoint": { "X": 10.63, "Y": 0, "Z": 22.65 }, "RightPoint": { "X": 8.86, "Y": 0, "Z": 22.43 } }, { "LeftPoint": { "X": 10.64, "Y": 0, "Z": 22.61 }, "RightPoint": { "X": 8.85, "Y": 0, "Z": 22.41 } }, { "LeftPoint": { "X": 10.64, "Y": 0, "Z": 22.61 }, "RightPoint": { "X": 8.87, "Y": 0, "Z": 22.28 } }, { "LeftPoint": { "X": 10.66, "Y": 0, "Z": 22.53 }, "RightPoint": { "X": 8.9, "Y": 0, "Z": 22.14 } }, { "LeftPoint": { "X": 10.69, "Y": 0, "Z": 22.37 }, "RightPoint": { "X": 8.95, "Y": 0, "Z": 21.94 } }, { "LeftPoint": { "X": 10.75, "Y": 0, "Z": 22.14 }, "RightPoint": { "X": 9.01, "Y": 0, "Z": 21.69 } }, { "LeftPoint": { "X": 10.83, "Y": 0, "Z": 21.86 }, "RightPoint": { "X": 9.09, "Y": 0, "Z": 21.39 } }, { "LeftPoint": { "X": 10.91, "Y": 0, "Z": 21.56 }, "RightPoint": { "X": 9.18, "Y": 0, "Z": 21.07 } }, { "LeftPoint": { "X": 10.99, "Y": 0, "Z": 21.29 }, "RightPoint": { "X": 9.26, "Y": 0, "Z": 20.78 } }, { "LeftPoint": { "X": 11.05, "Y": 0, "Z": 21.07 }, "RightPoint": { "X": 9.33, "Y": 0, "Z": 20.54 } }, { "LeftPoint": { "X": 11.1, "Y": 0, "Z": 20.93 }, "RightPoint": { "X": 9.39, "Y": 0, "Z": 20.36 } }, { "LeftPoint": { "X": 11.12, "Y": 0, "Z": 20.87 }, "RightPoint": { "X": 9.44, "Y": 0, "Z": 20.22 } }, { "LeftPoint": { "X": 11.12, "Y": 0, "Z": 20.87 }, "RightPoint": { "X": 9.51, "Y": 0, "Z": 20.07 } }, { "LeftPoint": { "X": 11.12, "Y": 0, "Z": 20.87 }, "RightPoint": { "X": 9.55, "Y": 0, "Z": 20.01 } }, { "LeftPoint": { "X": 11.15, "Y": 0, "Z": 20.83 }, "RightPoint": { "X": 9.6, "Y": 0, "Z": 19.91 } }, { "LeftPoint": { "X": 11.25, "Y": 0, "Z": 20.66 }, "RightPoint": { "X": 9.71, "Y": 0, "Z": 19.73 } }, { "LeftPoint": { "X": 11.4, "Y": 0, "Z": 20.41 }, "RightPoint": { "X": 9.86, "Y": 0, "Z": 19.48 } }, { "LeftPoint": { "X": 11.58, "Y": 0, "Z": 20.13 }, "RightPoint": { "X": 10.04, "Y": 0, "Z": 19.19 } }, { "LeftPoint": { "X": 11.73, "Y": 0, "Z": 19.88 }, "RightPoint": { "X": 10.19, "Y": 0, "Z": 18.94 } }, { "LeftPoint": { "X": 11.83, "Y": 0, "Z": 19.71 }, "RightPoint": { "X": 10.3, "Y": 0, "Z": 18.77 } }, { "LeftPoint": { "X": 11.88, "Y": 0, "Z": 19.62 }, "RightPoint": { "X": 10.35, "Y": 0, "Z": 18.67 } }, { "LeftPoint": { "X": 11.88, "Y": 0, "Z": 19.62 }, "RightPoint": { "X": 10.4, "Y": 0, "Z": 18.6 } }, { "LeftPoint": { "X": 11.88, "Y": 0, "Z": 19.62 }, "RightPoint": { "X": 10.47, "Y": 0, "Z": 18.52 } }, { "LeftPoint": { "X": 11.94, "Y": 0, "Z": 19.56 }, "RightPoint": { "X": 10.56, "Y": 0, "Z": 18.41 } }, { "LeftPoint": { "X": 12.09, "Y": 0, "Z": 19.38 }, "RightPoint": { "X": 10.71, "Y": 0, "Z": 18.22 } }, { "LeftPoint": { "X": 12.29, "Y": 0, "Z": 19.14 }, "RightPoint": { "X": 10.92, "Y": 0, "Z": 17.98 } }, { "LeftPoint": { "X": 12.49, "Y": 0, "Z": 18.91 }, "RightPoint": { "X": 11.13, "Y": 0, "Z": 17.73 } }, { "LeftPoint": { "X": 12.64, "Y": 0, "Z": 18.73 }, "RightPoint": { "X": 11.28, "Y": 0, "Z": 17.55 } }, { "LeftPoint": { "X": 12.72, "Y": 0, "Z": 18.64 }, "RightPoint": { "X": 11.38, "Y": 0, "Z": 17.45 } }, { "LeftPoint": { "X": 12.72, "Y": 0, "Z": 18.64 }, "RightPoint": { "X": 11.45, "Y": 0, "Z": 17.37 } }, { "LeftPoint": { "X": 12.77, "Y": 0, "Z": 18.59 }, "RightPoint": { "X": 11.45, "Y": 0, "Z": 17.37 } }, { "LeftPoint": { "X": 12.86, "Y": 0, "Z": 18.49 }, "RightPoint": { "X": 11.54, "Y": 0, "Z": 17.27 } }, { "LeftPoint": { "X": 13.03, "Y": 0, "Z": 18.31 }, "RightPoint": { "X": 11.71, "Y": 0, "Z": 17.09 } }, { "LeftPoint": { "X": 13.27, "Y": 0, "Z": 18.05 }, "RightPoint": { "X": 11.94, "Y": 0, "Z": 16.84 } }, { "LeftPoint": { "X": 13.5, "Y": 0, "Z": 17.79 }, "RightPoint": { "X": 12.17, "Y": 0, "Z": 16.58 } }, { "LeftPoint": { "X": 13.67, "Y": 0, "Z": 17.61 }, "RightPoint": { "X": 12.34, "Y": 0, "Z": 16.4 } }, { "LeftPoint": { "X": 13.76, "Y": 0, "Z": 17.51 }, "RightPoint": { "X": 12.42, "Y": 0, "Z": 16.3 } }, { "LeftPoint": { "X": 13.81, "Y": 0, "Z": 17.45 }, "RightPoint": { "X": 12.43, "Y": 0, "Z": 16.3 } }, { "LeftPoint": { "X": 13.81, "Y": 0, "Z": 17.45 }, "RightPoint": { "X": 12.52, "Y": 0, "Z": 16.2 } }, { "LeftPoint": { "X": 13.81, "Y": 0, "Z": 17.45 }, "RightPoint": { "X": 12.6, "Y": 0, "Z": 16.13 } }, { "LeftPoint": { "X": 13.92, "Y": 0, "Z": 17.36 }, "RightPoint": { "X": 12.71, "Y": 0, "Z": 16.02 } }, { "LeftPoint": { "X": 14.07, "Y": 0, "Z": 17.22 }, "RightPoint": { "X": 12.88, "Y": 0, "Z": 15.87 } }, { "LeftPoint": { "X": 14.28, "Y": 0, "Z": 17.04 }, "RightPoint": { "X": 13.1, "Y": 0, "Z": 15.68 } }, { "LeftPoint": { "X": 14.53, "Y": 0, "Z": 16.83 }, "RightPoint": { "X": 13.35, "Y": 0, "Z": 15.47 } }, { "LeftPoint": { "X": 14.77, "Y": 0, "Z": 16.61 }, "RightPoint": { "X": 13.6, "Y": 0, "Z": 15.25 } }, { "LeftPoint": { "X": 14.99, "Y": 0, "Z": 16.42 }, "RightPoint": { "X": 13.83, "Y": 0, "Z": 15.05 } }, { "LeftPoint": { "X": 15.17, "Y": 0, "Z": 16.28 }, "RightPoint": { "X": 14.01, "Y": 0, "Z": 14.9 } }, { "LeftPoint": { "X": 15.29, "Y": 0, "Z": 16.18 }, "RightPoint": { "X": 14.14, "Y": 0, "Z": 14.79 } }, { "LeftPoint": { "X": 15.35, "Y": 0, "Z": 16.12 }, "RightPoint": { "X": 14.23, "Y": 0, "Z": 14.72 } }, { "LeftPoint": { "X": 15.36, "Y": 0, "Z": 16.12 }, "RightPoint": { "X": 14.31, "Y": 0, "Z": 14.66 } }, { "LeftPoint": { "X": 15.42, "Y": 0, "Z": 16.07 }, "RightPoint": { "X": 14.31, "Y": 0, "Z": 14.66 } }, { "LeftPoint": { "X": 15.48, "Y": 0, "Z": 16.02 }, "RightPoint": { "X": 14.35, "Y": 0, "Z": 14.62 } }, { "LeftPoint": { "X": 15.58, "Y": 0, "Z": 15.94 }, "RightPoint": { "X": 14.44, "Y": 0, "Z": 14.55 } }, { "LeftPoint": { "X": 15.72, "Y": 0, "Z": 15.83 }, "RightPoint": { "X": 14.58, "Y": 0, "Z": 14.44 } }, { "LeftPoint": { "X": 15.91, "Y": 0, "Z": 15.67 }, "RightPoint": { "X": 14.77, "Y": 0, "Z": 14.28 } }, { "LeftPoint": { "X": 16.15, "Y": 0, "Z": 15.47 }, "RightPoint": { "X": 15, "Y": 0, "Z": 14.09 } }, { "LeftPoint": { "X": 16.43, "Y": 0, "Z": 15.24 }, "RightPoint": { "X": 15.28, "Y": 0, "Z": 13.86 } }, { "LeftPoint": { "X": 16.71, "Y": 0, "Z": 15 }, "RightPoint": { "X": 15.56, "Y": 0, "Z": 13.62 } }, { "LeftPoint": { "X": 16.99, "Y": 0, "Z": 14.78 }, "RightPoint": { "X": 15.83, "Y": 0, "Z": 13.39 } }, { "LeftPoint": { "X": 17.23, "Y": 0, "Z": 14.58 }, "RightPoint": { "X": 16.07, "Y": 0, "Z": 13.2 } }, { "LeftPoint": { "X": 17.42, "Y": 0, "Z": 14.42 }, "RightPoint": { "X": 16.26, "Y": 0, "Z": 13.04 } }, { "LeftPoint": { "X": 17.56, "Y": 0, "Z": 14.3 }, "RightPoint": { "X": 16.4, "Y": 0, "Z": 12.92 } }, { "LeftPoint": { "X": 17.65, "Y": 0, "Z": 14.22 }, "RightPoint": { "X": 16.48, "Y": 0, "Z": 12.85 } }, { "LeftPoint": { "X": 17.71, "Y": 0, "Z": 14.17 }, "RightPoint": { "X": 16.53, "Y": 0, "Z": 12.81 } }, { "LeftPoint": { "X": 17.76, "Y": 0, "Z": 14.12 }, "RightPoint": { "X": 16.53, "Y": 0, "Z": 12.81 } }, { "LeftPoint": { "X": 18.86, "Y": 0, "Z": 13.08 }, "RightPoint": { "X": 17.61, "Y": 0, "Z": 11.77 } } ], "DisableRally": false }, "Lower": { "PointPairs": [ { "LeftPoint": { "X": 2.63, "Y": 0, "Z": 19 }, "RightPoint": { "X": 2.44, "Y": 0, "Z": 17.21 } }, { "LeftPoint": { "X": 5.26, "Y": 0, "Z": 18.71 }, "RightPoint": { "X": 5.07, "Y": 0, "Z": 16.92 } }, { "LeftPoint": { "X": 5.44, "Y": 0, "Z": 18.69 }, "RightPoint": { "X": 5.09, "Y": 0, "Z": 16.92 } }, { "LeftPoint": { "X": 5.65, "Y": 0, "Z": 18.64 }, "RightPoint": { "X": 5.21, "Y": 0, "Z": 16.89 } }, { "LeftPoint": { "X": 5.9, "Y": 0, "Z": 18.57 }, "RightPoint": { "X": 5.39, "Y": 0, "Z": 16.84 } }, { "LeftPoint": { "X": 6.19, "Y": 0, "Z": 18.48 }, "RightPoint": { "X": 5.63, "Y": 0, "Z": 16.77 } }, { "LeftPoint": { "X": 6.49, "Y": 0, "Z": 18.38 }, "RightPoint": { "X": 5.87, "Y": 0, "Z": 16.69 } }, { "LeftPoint": { "X": 6.76, "Y": 0, "Z": 18.27 }, "RightPoint": { "X": 6.08, "Y": 0, "Z": 16.61 } }, { "LeftPoint": { "X": 6.98, "Y": 0, "Z": 18.18 }, "RightPoint": { "X": 6.22, "Y": 0, "Z": 16.55 } }, { "LeftPoint": { "X": 7.16, "Y": 0, "Z": 18.08 }, "RightPoint": { "X": 6.26, "Y": 0, "Z": 16.53 } }, { "LeftPoint": { "X": 7.38, "Y": 0, "Z": 17.93 }, "RightPoint": { "X": 6.26, "Y": 0, "Z": 16.53 } }, { "LeftPoint": { "X": 7.52, "Y": 0, "Z": 17.77 }, "RightPoint": { "X": 6.26, "Y": 0, "Z": 16.53 } }, { "LeftPoint": { "X": 7.62, "Y": 0, "Z": 17.63 }, "RightPoint": { "X": 6.26, "Y": 0, "Z": 16.53 } }, { "LeftPoint": { "X": 7.75, "Y": 0, "Z": 17.44 }, "RightPoint": { "X": 6.23, "Y": 0, "Z": 16.46 } }, { "LeftPoint": { "X": 7.9, "Y": 0, "Z": 17.19 }, "RightPoint": { "X": 6.37, "Y": 0, "Z": 16.24 } }, { "LeftPoint": { "X": 8.07, "Y": 0, "Z": 16.91 }, "RightPoint": { "X": 6.52, "Y": 0, "Z": 15.99 } }, { "LeftPoint": { "X": 8.23, "Y": 0, "Z": 16.64 }, "RightPoint": { "X": 6.66, "Y": 0, "Z": 15.75 } }, { "LeftPoint": { "X": 8.35, "Y": 0, "Z": 16.43 }, "RightPoint": { "X": 6.76, "Y": 0, "Z": 15.57 } }, { "LeftPoint": { "X": 8.43, "Y": 0, "Z": 16.26 }, "RightPoint": { "X": 6.82, "Y": 0, "Z": 15.47 } }, { "LeftPoint": { "X": 8.49, "Y": 0, "Z": 16.13 }, "RightPoint": { "X": 6.82, "Y": 0, "Z": 15.45 } }, { "LeftPoint": { "X": 8.49, "Y": 0, "Z": 16.13 }, "RightPoint": { "X": 6.91, "Y": 0, "Z": 15.27 } }, { "LeftPoint": { "X": 8.54, "Y": 0, "Z": 16.06 }, "RightPoint": { "X": 7.02, "Y": 0, "Z": 15.09 } }, { "LeftPoint": { "X": 8.63, "Y": 0, "Z": 15.92 }, "RightPoint": { "X": 7.16, "Y": 0, "Z": 14.88 } }, { "LeftPoint": { "X": 8.77, "Y": 0, "Z": 15.73 }, "RightPoint": { "X": 7.34, "Y": 0, "Z": 14.64 } }, { "LeftPoint": { "X": 8.94, "Y": 0, "Z": 15.52 }, "RightPoint": { "X": 7.54, "Y": 0, "Z": 14.38 } }, { "LeftPoint": { "X": 9.11, "Y": 0, "Z": 15.32 }, "RightPoint": { "X": 7.75, "Y": 0, "Z": 14.13 } }, { "LeftPoint": { "X": 9.26, "Y": 0, "Z": 15.16 }, "RightPoint": { "X": 7.95, "Y": 0, "Z": 13.92 } }, { "LeftPoint": { "X": 9.37, "Y": 0, "Z": 15.05 }, "RightPoint": { "X": 8.13, "Y": 0, "Z": 13.74 } }, { "LeftPoint": { "X": 9.42, "Y": 0, "Z": 15 }, "RightPoint": { "X": 8.28, "Y": 0, "Z": 13.6 } }, { "LeftPoint": { "X": 9.42, "Y": 0, "Z": 15 }, "RightPoint": { "X": 8.46, "Y": 0, "Z": 13.47 } }, { "LeftPoint": { "X": 9.42, "Y": 0, "Z": 15 }, "RightPoint": { "X": 8.61, "Y": 0, "Z": 13.4 } }, { "LeftPoint": { "X": 9.46, "Y": 0, "Z": 14.99 }, "RightPoint": { "X": 8.77, "Y": 0, "Z": 13.33 } }, { "LeftPoint": { "X": 9.65, "Y": 0, "Z": 14.92 }, "RightPoint": { "X": 8.99, "Y": 0, "Z": 13.24 } }, { "LeftPoint": { "X": 9.91, "Y": 0, "Z": 14.82 }, "RightPoint": { "X": 9.28, "Y": 0, "Z": 13.13 } }, { "LeftPoint": { "X": 10.19, "Y": 0, "Z": 14.71 }, "RightPoint": { "X": 9.59, "Y": 0, "Z": 13.02 } }, { "LeftPoint": { "X": 10.45, "Y": 0, "Z": 14.62 }, "RightPoint": { "X": 9.88, "Y": 0, "Z": 12.92 } }, { "LeftPoint": { "X": 10.63, "Y": 0, "Z": 14.56 }, "RightPoint": { "X": 10.1, "Y": 0, "Z": 12.84 } }, { "LeftPoint": { "X": 10.72, "Y": 0, "Z": 14.54 }, "RightPoint": { "X": 10.26, "Y": 0, "Z": 12.8 } }, { "LeftPoint": { "X": 10.72, "Y": 0, "Z": 14.54 }, "RightPoint": { "X": 10.44, "Y": 0, "Z": 12.76 } }, { "LeftPoint": { "X": 10.72, "Y": 0, "Z": 14.54 }, "RightPoint": { "X": 10.7, "Y": 0, "Z": 12.75 } }, { "LeftPoint": { "X": 10.72, "Y": 0, "Z": 14.54 }, "RightPoint": { "X": 10.94, "Y": 0, "Z": 12.78 } }, { "LeftPoint": { "X": 10.76, "Y": 0, "Z": 14.58 }, "RightPoint": { "X": 11.2, "Y": 0, "Z": 12.84 } }, { "LeftPoint": { "X": 10.94, "Y": 0, "Z": 14.63 }, "RightPoint": { "X": 11.48, "Y": 0, "Z": 12.92 } }, { "LeftPoint": { "X": 11.13, "Y": 0, "Z": 14.7 }, "RightPoint": { "X": 11.77, "Y": 0, "Z": 13.02 } }, { "LeftPoint": { "X": 11.31, "Y": 0, "Z": 14.77 }, "RightPoint": { "X": 12.05, "Y": 0, "Z": 13.13 } }, { "LeftPoint": { "X": 11.44, "Y": 0, "Z": 14.84 }, "RightPoint": { "X": 12.29, "Y": 0, "Z": 13.25 } }, { "LeftPoint": { "X": 11.51, "Y": 0, "Z": 14.88 }, "RightPoint": { "X": 12.49, "Y": 0, "Z": 13.37 } }, { "LeftPoint": { "X": 11.51, "Y": 0, "Z": 14.88 }, "RightPoint": { "X": 12.68, "Y": 0, "Z": 13.51 } }, { "LeftPoint": { "X": 11.51, "Y": 0, "Z": 14.88 }, "RightPoint": { "X": 12.79, "Y": 0, "Z": 13.61 } }, { "LeftPoint": { "X": 11.57, "Y": 0, "Z": 14.94 }, "RightPoint": { "X": 12.9, "Y": 0, "Z": 13.74 } }, { "LeftPoint": { "X": 11.7, "Y": 0, "Z": 15.1 }, "RightPoint": { "X": 13.06, "Y": 0, "Z": 13.92 } }, { "LeftPoint": { "X": 11.89, "Y": 0, "Z": 15.32 }, "RightPoint": { "X": 13.27, "Y": 0, "Z": 14.16 } }, { "LeftPoint": { "X": 12.1, "Y": 0, "Z": 15.57 }, "RightPoint": { "X": 13.48, "Y": 0, "Z": 14.42 } }, { "LeftPoint": { "X": 12.28, "Y": 0, "Z": 15.79 }, "RightPoint": { "X": 13.68, "Y": 0, "Z": 14.66 } }, { "LeftPoint": { "X": 12.4, "Y": 0, "Z": 15.94 }, "RightPoint": { "X": 13.83, "Y": 0, "Z": 14.84 } }, { "LeftPoint": { "X": 12.46, "Y": 0, "Z": 16.02 }, "RightPoint": { "X": 13.93, "Y": 0, "Z": 14.98 } }, { "LeftPoint": { "X": 12.46, "Y": 0, "Z": 16.02 }, "RightPoint": { "X": 14.02, "Y": 0, "Z": 15.12 } }, { "LeftPoint": { "X": 12.67, "Y": 0, "Z": 16.3 }, "RightPoint": { "X": 14.02, "Y": 0, "Z": 15.12 } }, { "LeftPoint": { "X": 13, "Y": 0, "Z": 16.54 }, "RightPoint": { "X": 14.02, "Y": 0, "Z": 15.12 } }, { "LeftPoint": { "X": 13.38, "Y": 0, "Z": 16.68 }, "RightPoint": { "X": 14.02, "Y": 0, "Z": 15.12 } }, { "LeftPoint": { "X": 13.76, "Y": 0, "Z": 16.72 }, "RightPoint": { "X": 14.02, "Y": 0, "Z": 15.12 } }, { "LeftPoint": { "X": 14.12, "Y": 0, "Z": 16.68 }, "RightPoint": { "X": 14.02, "Y": 0, "Z": 15.12 } }, { "LeftPoint": { "X": 14.47, "Y": 0, "Z": 16.59 }, "RightPoint": { "X": 14.02, "Y": 0, "Z": 15.12 } }, { "LeftPoint": { "X": 14.79, "Y": 0, "Z": 16.46 }, "RightPoint": { "X": 14.02, "Y": 0, "Z": 14.83 } }, { "LeftPoint": { "X": 15.09, "Y": 0, "Z": 16.3 }, "RightPoint": { "X": 14.16, "Y": 0, "Z": 14.76 } }, { "LeftPoint": { "X": 15.36, "Y": 0, "Z": 16.12 }, "RightPoint": { "X": 14.31, "Y": 0, "Z": 14.66 } }, { "LeftPoint": { "X": 15.42, "Y": 0, "Z": 16.07 }, "RightPoint": { "X": 14.31, "Y": 0, "Z": 14.66 } }, { "LeftPoint": { "X": 15.48, "Y": 0, "Z": 16.02 }, "RightPoint": { "X": 14.35, "Y": 0, "Z": 14.62 } }, { "LeftPoint": { "X": 15.58, "Y": 0, "Z": 15.94 }, "RightPoint": { "X": 14.44, "Y": 0, "Z": 14.55 } }, { "LeftPoint": { "X": 15.72, "Y": 0, "Z": 15.83 }, "RightPoint": { "X": 14.58, "Y": 0, "Z": 14.44 } }, { "LeftPoint": { "X": 15.91, "Y": 0, "Z": 15.67 }, "RightPoint": { "X": 14.77, "Y": 0, "Z": 14.28 } }, { "LeftPoint": { "X": 16.15, "Y": 0, "Z": 15.47 }, "RightPoint": { "X": 15, "Y": 0, "Z": 14.09 } }, { "LeftPoint": { "X": 16.43, "Y": 0, "Z": 15.24 }, "RightPoint": { "X": 15.28, "Y": 0, "Z": 13.86 } }, { "LeftPoint": { "X": 16.71, "Y": 0, "Z": 15 }, "RightPoint": { "X": 15.56, "Y": 0, "Z": 13.62 } }, { "LeftPoint": { "X": 16.99, "Y": 0, "Z": 14.78 }, "RightPoint": { "X": 15.83, "Y": 0, "Z": 13.39 } }, { "LeftPoint": { "X": 17.23, "Y": 0, "Z": 14.58 }, "RightPoint": { "X": 16.07, "Y": 0, "Z": 13.2 } }, { "LeftPoint": { "X": 17.42, "Y": 0, "Z": 14.42 }, "RightPoint": { "X": 16.26, "Y": 0, "Z": 13.04 } }, { "LeftPoint": { "X": 17.56, "Y": 0, "Z": 14.3 }, "RightPoint": { "X": 16.4, "Y": 0, "Z": 12.92 } }, { "LeftPoint": { "X": 17.65, "Y": 0, "Z": 14.22 }, "RightPoint": { "X": 16.48, "Y": 0, "Z": 12.85 } }, { "LeftPoint": { "X": 17.71, "Y": 0, "Z": 14.17 }, "RightPoint": { "X": 16.53, "Y": 0, "Z": 12.81 } }, { "LeftPoint": { "X": 17.76, "Y": 0, "Z": 14.12 }, "RightPoint": { "X": 16.53, "Y": 0, "Z": 12.81 } }, { "LeftPoint": { "X": 18.86, "Y": 0, "Z": 13.08 }, "RightPoint": { "X": 17.61, "Y": 0, "Z": 11.77 } } ], "DisableRally": false }, "Upper": { "PointPairs": [ { "LeftPoint": { "X": 19.18, "Y": 0, "Z": 25.98 }, "RightPoint": { "X": 17.75, "Y": 0, "Z": 25.79 } }, { "LeftPoint": { "X": 19.36, "Y": 0, "Z": 24.96 }, "RightPoint": { "X": 17.83, "Y": 0, "Z": 24.76 } }, { "LeftPoint": { "X": 19.38, "Y": 0, "Z": 24.86 }, "RightPoint": { "X": 17.82, "Y": 0, "Z": 24.76 } }, { "LeftPoint": { "X": 19.39, "Y": 0, "Z": 24.74 }, "RightPoint": { "X": 17.82, "Y": 0, "Z": 24.68 } }, { "LeftPoint": { "X": 19.41, "Y": 0, "Z": 24.58 }, "RightPoint": { "X": 17.81, "Y": 0, "Z": 24.53 } }, { "LeftPoint": { "X": 19.42, "Y": 0, "Z": 24.35 }, "RightPoint": { "X": 17.81, "Y": 0, "Z": 24.32 } }, { "LeftPoint": { "X": 19.44, "Y": 0, "Z": 24.06 }, "RightPoint": { "X": 17.8, "Y": 0, "Z": 24.04 } }, { "LeftPoint": { "X": 19.45, "Y": 0, "Z": 23.73 }, "RightPoint": { "X": 17.8, "Y": 0, "Z": 23.71 } }, { "LeftPoint": { "X": 19.47, "Y": 0, "Z": 23.38 }, "RightPoint": { "X": 17.79, "Y": 0, "Z": 23.38 } }, { "LeftPoint": { "X": 19.48, "Y": 0, "Z": 23.05 }, "RightPoint": { "X": 17.78, "Y": 0, "Z": 23.06 } }, { "LeftPoint": { "X": 19.48, "Y": 0, "Z": 22.77 }, "RightPoint": { "X": 17.77, "Y": 0, "Z": 22.79 } }, { "LeftPoint": { "X": 19.49, "Y": 0, "Z": 22.55 }, "RightPoint": { "X": 17.75, "Y": 0, "Z": 22.59 } }, { "LeftPoint": { "X": 19.5, "Y": 0, "Z": 22.39 }, "RightPoint": { "X": 17.74, "Y": 0, "Z": 22.45 } }, { "LeftPoint": { "X": 19.5, "Y": 0, "Z": 22.28 }, "RightPoint": { "X": 17.73, "Y": 0, "Z": 22.39 } }, { "LeftPoint": { "X": 19.5, "Y": 0, "Z": 22.15 }, "RightPoint": { "X": 17.73, "Y": 0, "Z": 22.39 } }, { "LeftPoint": { "X": 19.44, "Y": 0, "Z": 21.92 }, "RightPoint": { "X": 17.73, "Y": 0, "Z": 22.39 } }, { "LeftPoint": { "X": 19.36, "Y": 0, "Z": 21.69 }, "RightPoint": { "X": 17.7, "Y": 0, "Z": 22.37 } }, { "LeftPoint": { "X": 19.25, "Y": 0, "Z": 21.45 }, "RightPoint": { "X": 17.64, "Y": 0, "Z": 22.25 } }, { "LeftPoint": { "X": 19.11, "Y": 0, "Z": 21.19 }, "RightPoint": { "X": 17.56, "Y": 0, "Z": 22.1 } }, { "LeftPoint": { "X": 18.95, "Y": 0, "Z": 20.93 }, "RightPoint": { "X": 17.46, "Y": 0, "Z": 21.94 } }, { "LeftPoint": { "X": 18.77, "Y": 0, "Z": 20.69 }, "RightPoint": { "X": 17.35, "Y": 0, "Z": 21.79 } }, { "LeftPoint": { "X": 18.59, "Y": 0, "Z": 20.47 }, "RightPoint": { "X": 17.25, "Y": 0, "Z": 21.67 } }, { "LeftPoint": { "X": 18.4, "Y": 0, "Z": 20.28 }, "RightPoint": { "X": 17.17, "Y": 0, "Z": 21.59 } }, { "LeftPoint": { "X": 18.21, "Y": 0, "Z": 20.12 }, "RightPoint": { "X": 17.14, "Y": 0, "Z": 21.56 } }, { "LeftPoint": { "X": 18, "Y": 0, "Z": 19.98 }, "RightPoint": { "X": 17.14, "Y": 0, "Z": 21.56 } }, { "LeftPoint": { "X": 17.77, "Y": 0, "Z": 19.89 }, "RightPoint": { "X": 17.14, "Y": 0, "Z": 21.56 } }, { "LeftPoint": { "X": 17.55, "Y": 0, "Z": 19.84 }, "RightPoint": { "X": 17.14, "Y": 0, "Z": 21.56 } }, { "LeftPoint": { "X": 17.31, "Y": 0, "Z": 19.81 }, "RightPoint": { "X": 17.11, "Y": 0, "Z": 21.59 } }, { "LeftPoint": { "X": 17.04, "Y": 0, "Z": 19.78 }, "RightPoint": { "X": 16.93, "Y": 0, "Z": 21.58 } }, { "LeftPoint": { "X": 16.74, "Y": 0, "Z": 19.77 }, "RightPoint": { "X": 16.72, "Y": 0, "Z": 21.57 } }, { "LeftPoint": { "X": 16.43, "Y": 0, "Z": 19.77 }, "RightPoint": { "X": 16.48, "Y": 0, "Z": 21.57 } }, { "LeftPoint": { "X": 16.12, "Y": 0, "Z": 19.79 }, "RightPoint": { "X": 16.25, "Y": 0, "Z": 21.59 } }, { "LeftPoint": { "X": 15.84, "Y": 0, "Z": 19.82 }, "RightPoint": { "X": 16.05, "Y": 0, "Z": 21.6 } }, { "LeftPoint": { "X": 15.59, "Y": 0, "Z": 19.85 }, "RightPoint": { "X": 15.9, "Y": 0, "Z": 21.63 } }, { "LeftPoint": { "X": 15.37, "Y": 0, "Z": 19.9 }, "RightPoint": { "X": 15.8, "Y": 0, "Z": 21.65 } }, { "LeftPoint": { "X": 15.18, "Y": 0, "Z": 19.96 }, "RightPoint": { "X": 15.78, "Y": 0, "Z": 21.65 } }, { "LeftPoint": { "X": 15.11, "Y": 0, "Z": 19.98 }, "RightPoint": { "X": 15.57, "Y": 0, "Z": 21.72 } }, { "LeftPoint": { "X": 14.99, "Y": 0, "Z": 20.01 }, "RightPoint": { "X": 15.34, "Y": 0, "Z": 21.77 } }, { "LeftPoint": { "X": 14.82, "Y": 0, "Z": 20.03 }, "RightPoint": { "X": 15.08, "Y": 0, "Z": 21.81 } }, { "LeftPoint": { "X": 14.63, "Y": 0, "Z": 20.06 }, "RightPoint": { "X": 14.79, "Y": 0, "Z": 21.85 } }, { "LeftPoint": { "X": 14.43, "Y": 0, "Z": 20.07 }, "RightPoint": { "X": 14.49, "Y": 0, "Z": 21.87 } }, { "LeftPoint": { "X": 14.24, "Y": 0, "Z": 20.07 }, "RightPoint": { "X": 14.2, "Y": 0, "Z": 21.87 } }, { "LeftPoint": { "X": 14.1, "Y": 0, "Z": 20.06 }, "RightPoint": { "X": 13.93, "Y": 0, "Z": 21.85 } }, { "LeftPoint": { "X": 14.03, "Y": 0, "Z": 20.05 }, "RightPoint": { "X": 13.68, "Y": 0, "Z": 21.82 } }, { "LeftPoint": { "X": 14.03, "Y": 0, "Z": 20.05 }, "RightPoint": { "X": 13.43, "Y": 0, "Z": 21.75 } }, { "LeftPoint": { "X": 14.03, "Y": 0, "Z": 20.05 }, "RightPoint": { "X": 13.15, "Y": 0, "Z": 21.6 } }, { "LeftPoint": { "X": 14.03, "Y": 0, "Z": 20.05 }, "RightPoint": { "X": 13.03, "Y": 0, "Z": 21.5 } }, { "LeftPoint": { "X": 14.03, "Y": 0, "Z": 20.05 }, "RightPoint": { "X": 12.94, "Y": 0, "Z": 21.42 } }, { "LeftPoint": { "X": 14.06, "Y": 0, "Z": 20 }, "RightPoint": { "X": 12.8, "Y": 0, "Z": 21.28 } }, { "LeftPoint": { "X": 13.88, "Y": 0, "Z": 19.82 }, "RightPoint": { "X": 12.61, "Y": 0, "Z": 21.09 } }, { "LeftPoint": { "X": 13.66, "Y": 0, "Z": 19.59 }, "RightPoint": { "X": 12.37, "Y": 0, "Z": 20.86 } }, { "LeftPoint": { "X": 13.43, "Y": 0, "Z": 19.36 }, "RightPoint": { "X": 12.14, "Y": 0, "Z": 20.62 } }, { "LeftPoint": { "X": 13.24, "Y": 0, "Z": 19.17 }, "RightPoint": { "X": 11.94, "Y": 0, "Z": 20.41 } }, { "LeftPoint": { "X": 13.11, "Y": 0, "Z": 19.03 }, "RightPoint": { "X": 11.8, "Y": 0, "Z": 20.26 } }, { "LeftPoint": { "X": 13.04, "Y": 0, "Z": 18.95 }, "RightPoint": { "X": 11.71, "Y": 0, "Z": 20.16 } }, { "LeftPoint": { "X": 13.03, "Y": 0, "Z": 18.94 }, "RightPoint": { "X": 11.64, "Y": 0, "Z": 20.08 } }, { "LeftPoint": { "X": 12.96, "Y": 0, "Z": 18.85 }, "RightPoint": { "X": 11.45, "Y": 0, "Z": 19.82 } }, { "LeftPoint": { "X": 12.9, "Y": 0, "Z": 18.73 }, "RightPoint": { "X": 11.28, "Y": 0, "Z": 19.51 } }, { "LeftPoint": { "X": 12.85, "Y": 0, "Z": 18.62 }, "RightPoint": { "X": 11.14, "Y": 0, "Z": 19.18 } }, { "LeftPoint": { "X": 12.83, "Y": 0, "Z": 18.52 }, "RightPoint": { "X": 11.05, "Y": 0, "Z": 18.82 } }, { "LeftPoint": { "X": 12.82, "Y": 0, "Z": 18.47 }, "RightPoint": { "X": 11.02, "Y": 0, "Z": 18.44 } }, { "LeftPoint": { "X": 12.82, "Y": 0, "Z": 18.47 }, "RightPoint": { "X": 11.07, "Y": 0, "Z": 18.06 } }, { "LeftPoint": { "X": 12.82, "Y": 0, "Z": 18.47 }, "RightPoint": { "X": 11.21, "Y": 0, "Z": 17.69 } }, { "LeftPoint": { "X": 12.82, "Y": 0, "Z": 18.47 }, "RightPoint": { "X": 11.45, "Y": 0, "Z": 17.37 } }, { "LeftPoint": { "X": 12.86, "Y": 0, "Z": 18.49 }, "RightPoint": { "X": 11.54, "Y": 0, "Z": 17.27 } }, { "LeftPoint": { "X": 13.03, "Y": 0, "Z": 18.31 }, "RightPoint": { "X": 11.71, "Y": 0, "Z": 17.09 } }, { "LeftPoint": { "X": 13.27, "Y": 0, "Z": 18.05 }, "RightPoint": { "X": 11.94, "Y": 0, "Z": 16.84 } }, { "LeftPoint": { "X": 13.5, "Y": 0, "Z": 17.79 }, "RightPoint": { "X": 12.17, "Y": 0, "Z": 16.58 } }, { "LeftPoint": { "X": 13.67, "Y": 0, "Z": 17.61 }, "RightPoint": { "X": 12.34, "Y": 0, "Z": 16.4 } }, { "LeftPoint": { "X": 13.76, "Y": 0, "Z": 17.51 }, "RightPoint": { "X": 12.42, "Y": 0, "Z": 16.3 } }, { "LeftPoint": { "X": 13.81, "Y": 0, "Z": 17.45 }, "RightPoint": { "X": 12.43, "Y": 0, "Z": 16.3 } }, { "LeftPoint": { "X": 13.81, "Y": 0, "Z": 17.45 }, "RightPoint": { "X": 12.52, "Y": 0, "Z": 16.2 } }, { "LeftPoint": { "X": 13.81, "Y": 0, "Z": 17.45 }, "RightPoint": { "X": 12.6, "Y": 0, "Z": 16.13 } }, { "LeftPoint": { "X": 13.92, "Y": 0, "Z": 17.36 }, "RightPoint": { "X": 12.71, "Y": 0, "Z": 16.02 } }, { "LeftPoint": { "X": 14.07, "Y": 0, "Z": 17.22 }, "RightPoint": { "X": 12.88, "Y": 0, "Z": 15.87 } }, { "LeftPoint": { "X": 14.28, "Y": 0, "Z": 17.04 }, "RightPoint": { "X": 13.1, "Y": 0, "Z": 15.68 } }, { "LeftPoint": { "X": 14.53, "Y": 0, "Z": 16.83 }, "RightPoint": { "X": 13.35, "Y": 0, "Z": 15.47 } }, { "LeftPoint": { "X": 14.77, "Y": 0, "Z": 16.61 }, "RightPoint": { "X": 13.6, "Y": 0, "Z": 15.25 } }, { "LeftPoint": { "X": 14.99, "Y": 0, "Z": 16.42 }, "RightPoint": { "X": 13.83, "Y": 0, "Z": 15.05 } }, { "LeftPoint": { "X": 15.17, "Y": 0, "Z": 16.28 }, "RightPoint": { "X": 14.01, "Y": 0, "Z": 14.9 } }, { "LeftPoint": { "X": 15.29, "Y": 0, "Z": 16.18 }, "RightPoint": { "X": 14.14, "Y": 0, "Z": 14.79 } }, { "LeftPoint": { "X": 15.35, "Y": 0, "Z": 16.12 }, "RightPoint": { "X": 14.23, "Y": 0, "Z": 14.72 } }, { "LeftPoint": { "X": 15.36, "Y": 0, "Z": 16.12 }, "RightPoint": { "X": 14.31, "Y": 0, "Z": 14.66 } }, { "LeftPoint": { "X": 15.42, "Y": 0, "Z": 16.07 }, "RightPoint": { "X": 14.31, "Y": 0, "Z": 14.66 } }, { "LeftPoint": { "X": 15.48, "Y": 0, "Z": 16.02 }, "RightPoint": { "X": 14.35, "Y": 0, "Z": 14.62 } }, { "LeftPoint": { "X": 15.58, "Y": 0, "Z": 15.94 }, "RightPoint": { "X": 14.44, "Y": 0, "Z": 14.55 } }, { "LeftPoint": { "X": 15.72, "Y": 0, "Z": 15.83 }, "RightPoint": { "X": 14.58, "Y": 0, "Z": 14.44 } }, { "LeftPoint": { "X": 15.91, "Y": 0, "Z": 15.67 }, "RightPoint": { "X": 14.77, "Y": 0, "Z": 14.28 } }, { "LeftPoint": { "X": 16.15, "Y": 0, "Z": 15.47 }, "RightPoint": { "X": 15, "Y": 0, "Z": 14.09 } }, { "LeftPoint": { "X": 16.43, "Y": 0, "Z": 15.24 }, "RightPoint": { "X": 15.28, "Y": 0, "Z": 13.86 } }, { "LeftPoint": { "X": 16.71, "Y": 0, "Z": 15 }, "RightPoint": { "X": 15.56, "Y": 0, "Z": 13.62 } }, { "LeftPoint": { "X": 16.99, "Y": 0, "Z": 14.78 }, "RightPoint": { "X": 15.83, "Y": 0, "Z": 13.39 } }, { "LeftPoint": { "X": 17.23, "Y": 0, "Z": 14.58 }, "RightPoint": { "X": 16.07, "Y": 0, "Z": 13.2 } }, { "LeftPoint": { "X": 17.42, "Y": 0, "Z": 14.42 }, "RightPoint": { "X": 16.26, "Y": 0, "Z": 13.04 } }, { "LeftPoint": { "X": 17.56, "Y": 0, "Z": 14.3 }, "RightPoint": { "X": 16.4, "Y": 0, "Z": 12.92 } }, { "LeftPoint": { "X": 17.65, "Y": 0, "Z": 14.22 }, "RightPoint": { "X": 16.48, "Y": 0, "Z": 12.85 } }, { "LeftPoint": { "X": 17.71, "Y": 0, "Z": 14.17 }, "RightPoint": { "X": 16.53, "Y": 0, "Z": 12.81 } }, { "LeftPoint": { "X": 17.76, "Y": 0, "Z": 14.12 }, "RightPoint": { "X": 16.53, "Y": 0, "Z": 12.81 } }, { "LeftPoint": { "X": 18.86, "Y": 0, "Z": 13.08 }, "RightPoint": { "X": 17.61, "Y": 0, "Z": 11.77 } } ], "DisableRally": false } } }