{ "RoutesData": { "Bot \u003e Left": { "PointPairs": [ { "LeftPoint": { "X": 25.94, "Y": 0, "Z": 11.13 }, "RightPoint": { "X": 26.84, "Y": 0, "Z": 12.25 } }, { "LeftPoint": { "X": 24.44, "Y": 0, "Z": 12.33 }, "RightPoint": { "X": 25.34, "Y": 0, "Z": 13.45 } }, { "LeftPoint": { "X": 24.42, "Y": 0, "Z": 12.34 }, "RightPoint": { "X": 25.23, "Y": 0, "Z": 13.53 } }, { "LeftPoint": { "X": 24.23, "Y": 0, "Z": 12.47 }, "RightPoint": { "X": 25.02, "Y": 0, "Z": 13.67 } }, { "LeftPoint": { "X": 23.94, "Y": 0, "Z": 12.66 }, "RightPoint": { "X": 24.72, "Y": 0, "Z": 13.86 } }, { "LeftPoint": { "X": 23.74, "Y": 0, "Z": 12.79 }, "RightPoint": { "X": 24.51, "Y": 0, "Z": 14 } }, { "LeftPoint": { "X": 23.72, "Y": 0, "Z": 12.8 }, "RightPoint": { "X": 24.4, "Y": 0, "Z": 14.07 } }, { "LeftPoint": { "X": 23.1, "Y": 0, "Z": 13.13 }, "RightPoint": { "X": 23.78, "Y": 0, "Z": 14.4 } }, { "LeftPoint": { "X": 23.1, "Y": 0, "Z": 13.13 }, "RightPoint": { "X": 23.57, "Y": 0, "Z": 14.48 } }, { "LeftPoint": { "X": 22.94, "Y": 0, "Z": 13.17 }, "RightPoint": { "X": 23.31, "Y": 0, "Z": 14.56 } }, { "LeftPoint": { "X": 22.67, "Y": 0, "Z": 13.24 }, "RightPoint": { "X": 22.99, "Y": 0, "Z": 14.64 } }, { "LeftPoint": { "X": 22.48, "Y": 0, "Z": 13.28 }, "RightPoint": { "X": 22.72, "Y": 0, "Z": 14.7 } }, { "LeftPoint": { "X": 22.48, "Y": 0, "Z": 13.28 }, "RightPoint": { "X": 22.5, "Y": 0, "Z": 14.72 } }, { "LeftPoint": { "X": 22, "Y": 0, "Z": 13.28 }, "RightPoint": { "X": 22, "Y": 0, "Z": 14.72 } }, { "LeftPoint": { "X": 22, "Y": 0, "Z": 13.28 }, "RightPoint": { "X": 21.76, "Y": 0, "Z": 14.69 } }, { "LeftPoint": { "X": 21.86, "Y": 0, "Z": 13.24 }, "RightPoint": { "X": 21.49, "Y": 0, "Z": 14.63 } }, { "LeftPoint": { "X": 21.61, "Y": 0, "Z": 13.17 }, "RightPoint": { "X": 21.17, "Y": 0, "Z": 14.54 } }, { "LeftPoint": { "X": 21.44, "Y": 0, "Z": 13.11 }, "RightPoint": { "X": 20.91, "Y": 0, "Z": 14.45 } }, { "LeftPoint": { "X": 21.44, "Y": 0, "Z": 13.11 }, "RightPoint": { "X": 20.69, "Y": 0, "Z": 14.34 } }, { "LeftPoint": { "X": 21.34, "Y": 0, "Z": 13.04 }, "RightPoint": { "X": 20.56, "Y": 0, "Z": 14.26 } }, { "LeftPoint": { "X": 21.21, "Y": 0, "Z": 12.96 }, "RightPoint": { "X": 20.44, "Y": 0, "Z": 14.18 } }, { "LeftPoint": { "X": 21.21, "Y": 0, "Z": 12.96 }, "RightPoint": { "X": 20.28, "Y": 0, "Z": 14.06 } }, { "LeftPoint": { "X": 21.05, "Y": 0, "Z": 12.82 }, "RightPoint": { "X": 20.09, "Y": 0, "Z": 13.89 } }, { "LeftPoint": { "X": 20.83, "Y": 0, "Z": 12.61 }, "RightPoint": { "X": 19.84, "Y": 0, "Z": 13.66 } }, { "LeftPoint": { "X": 20.67, "Y": 0, "Z": 12.46 }, "RightPoint": { "X": 19.65, "Y": 0, "Z": 13.47 } }, { "LeftPoint": { "X": 20.67, "Y": 0, "Z": 12.46 }, "RightPoint": { "X": 19.52, "Y": 0, "Z": 13.33 } }, { "LeftPoint": { "X": 20.38, "Y": 0, "Z": 12.07 }, "RightPoint": { "X": 19.22, "Y": 0, "Z": 12.93 } }, { "LeftPoint": { "X": 20.17, "Y": 0, "Z": 11.86 }, "RightPoint": { "X": 19.22, "Y": 0, "Z": 12.93 } }, { "LeftPoint": { "X": 19.93, "Y": 0, "Z": 11.68 }, "RightPoint": { "X": 19.15, "Y": 0, "Z": 12.9 } }, { "LeftPoint": { "X": 19.64, "Y": 0, "Z": 11.52 }, "RightPoint": { "X": 18.99, "Y": 0, "Z": 12.8 } }, { "LeftPoint": { "X": 19.37, "Y": 0, "Z": 11.4 }, "RightPoint": { "X": 18.87, "Y": 0, "Z": 12.75 } }, { "LeftPoint": { "X": 19.09, "Y": 0, "Z": 11.33 }, "RightPoint": { "X": 18.87, "Y": 0, "Z": 12.75 } }, { "LeftPoint": { "X": 18.38, "Y": 0, "Z": 11.24 }, "RightPoint": { "X": 18.21, "Y": 0, "Z": 12.67 } }, { "LeftPoint": { "X": 18.2, "Y": 0, "Z": 11.24 }, "RightPoint": { "X": 18.21, "Y": 0, "Z": 12.68 } }, { "LeftPoint": { "X": 17.95, "Y": 0, "Z": 11.24 }, "RightPoint": { "X": 17.99, "Y": 0, "Z": 12.68 } }, { "LeftPoint": { "X": 17.6, "Y": 0, "Z": 11.26 }, "RightPoint": { "X": 17.67, "Y": 0, "Z": 12.69 } }, { "LeftPoint": { "X": 17.34, "Y": 0, "Z": 11.27 }, "RightPoint": { "X": 17.45, "Y": 0, "Z": 12.71 } }, { "LeftPoint": { "X": 17.17, "Y": 0, "Z": 11.29 }, "RightPoint": { "X": 17.45, "Y": 0, "Z": 12.7 } }, { "LeftPoint": { "X": 16.65, "Y": 0, "Z": 11.4 }, "RightPoint": { "X": 16.93, "Y": 0, "Z": 12.81 } }, { "LeftPoint": { "X": 16.52, "Y": 0, "Z": 11.43 }, "RightPoint": { "X": 16.91, "Y": 0, "Z": 12.81 } }, { "LeftPoint": { "X": 16.28, "Y": 0, "Z": 11.5 }, "RightPoint": { "X": 16.68, "Y": 0, "Z": 12.88 } }, { "LeftPoint": { "X": 15.94, "Y": 0, "Z": 11.6 }, "RightPoint": { "X": 16.35, "Y": 0, "Z": 12.98 } }, { "LeftPoint": { "X": 15.69, "Y": 0, "Z": 11.67 }, "RightPoint": { "X": 16.12, "Y": 0, "Z": 13.05 } }, { "LeftPoint": { "X": 15.57, "Y": 0, "Z": 11.72 }, "RightPoint": { "X": 16.1, "Y": 0, "Z": 13.05 } }, { "LeftPoint": { "X": 15, "Y": 0, "Z": 11.95 }, "RightPoint": { "X": 15.53, "Y": 0, "Z": 13.28 } }, { "LeftPoint": { "X": 14.78, "Y": 0, "Z": 12.06 }, "RightPoint": { "X": 15.53, "Y": 0, "Z": 13.28 } }, { "LeftPoint": { "X": 14.55, "Y": 0, "Z": 12.23 }, "RightPoint": { "X": 15.42, "Y": 0, "Z": 13.37 } }, { "LeftPoint": { "X": 14.29, "Y": 0, "Z": 12.44 }, "RightPoint": { "X": 15.23, "Y": 0, "Z": 13.53 } }, { "LeftPoint": { "X": 14.08, "Y": 0, "Z": 12.63 }, "RightPoint": { "X": 15.1, "Y": 0, "Z": 13.64 } }, { "LeftPoint": { "X": 13.92, "Y": 0, "Z": 12.82 }, "RightPoint": { "X": 15.1, "Y": 0, "Z": 13.64 } }, { "LeftPoint": { "X": 13.68, "Y": 0, "Z": 13.18 }, "RightPoint": { "X": 14.88, "Y": 0, "Z": 13.98 } }, { "LeftPoint": { "X": 13.58, "Y": 0, "Z": 13.37 }, "RightPoint": { "X": 14.88, "Y": 0, "Z": 13.98 } }, { "LeftPoint": { "X": 13.47, "Y": 0, "Z": 13.61 }, "RightPoint": { "X": 14.81, "Y": 0, "Z": 14.16 } }, { "LeftPoint": { "X": 13.35, "Y": 0, "Z": 13.92 }, "RightPoint": { "X": 14.7, "Y": 0, "Z": 14.43 } }, { "LeftPoint": { "X": 13.26, "Y": 0, "Z": 14.17 }, "RightPoint": { "X": 14.63, "Y": 0, "Z": 14.63 } }, { "LeftPoint": { "X": 13.21, "Y": 0, "Z": 14.37 }, "RightPoint": { "X": 14.63, "Y": 0, "Z": 14.63 } }, { "LeftPoint": { "X": 12.9, "Y": 0, "Z": 16.21 }, "RightPoint": { "X": 14.32, "Y": 0, "Z": 16.45 } }, { "LeftPoint": { "X": 12.9, "Y": 0, "Z": 16.21 }, "RightPoint": { "X": 14.22, "Y": 0, "Z": 16.77 } }, { "LeftPoint": { "X": 12.89, "Y": 0, "Z": 16.21 }, "RightPoint": { "X": 14.04, "Y": 0, "Z": 17.08 } }, { "LeftPoint": { "X": 12.86, "Y": 0, "Z": 16.25 }, "RightPoint": { "X": 13.79, "Y": 0, "Z": 17.35 } }, { "LeftPoint": { "X": 12.83, "Y": 0, "Z": 16.27 }, "RightPoint": { "X": 13.49, "Y": 0, "Z": 17.55 } }, { "LeftPoint": { "X": 12.81, "Y": 0, "Z": 16.28 }, "RightPoint": { "X": 13.16, "Y": 0, "Z": 17.68 } }, { "LeftPoint": { "X": 12.81, "Y": 0, "Z": 16.28 }, "RightPoint": { "X": 12.82, "Y": 0, "Z": 17.72 } }, { "LeftPoint": { "X": 4, "Y": 0, "Z": 16.28 }, "RightPoint": { "X": 4, "Y": 0, "Z": 17.72 } } ], "DisableRally": false }, "Top \u003e Left": { "PointPairs": [ { "LeftPoint": { "X": 21.8, "Y": 0, "Z": 27.35 }, "RightPoint": { "X": 20.39, "Y": 0, "Z": 27.63 } }, { "LeftPoint": { "X": 21.6, "Y": 0, "Z": 26.35 }, "RightPoint": { "X": 20.19, "Y": 0, "Z": 26.63 } }, { "LeftPoint": { "X": 21.57, "Y": 0, "Z": 26.21 }, "RightPoint": { "X": 20.19, "Y": 0, "Z": 26.62 } }, { "LeftPoint": { "X": 21.5, "Y": 0, "Z": 25.97 }, "RightPoint": { "X": 20.12, "Y": 0, "Z": 26.39 } }, { "LeftPoint": { "X": 21.39, "Y": 0, "Z": 25.63 }, "RightPoint": { "X": 20.02, "Y": 0, "Z": 26.06 } }, { "LeftPoint": { "X": 21.31, "Y": 0, "Z": 25.39 }, "RightPoint": { "X": 19.94, "Y": 0, "Z": 25.84 } }, { "LeftPoint": { "X": 21.26, "Y": 0, "Z": 25.26 }, "RightPoint": { "X": 19.94, "Y": 0, "Z": 25.82 } }, { "LeftPoint": { "X": 21.06, "Y": 0, "Z": 24.78 }, "RightPoint": { "X": 19.74, "Y": 0, "Z": 25.34 } }, { "LeftPoint": { "X": 21.06, "Y": 0, "Z": 24.78 }, "RightPoint": { "X": 19.68, "Y": 0, "Z": 25.17 } }, { "LeftPoint": { "X": 21.01, "Y": 0, "Z": 24.57 }, "RightPoint": { "X": 19.61, "Y": 0, "Z": 24.91 } }, { "LeftPoint": { "X": 20.94, "Y": 0, "Z": 24.27 }, "RightPoint": { "X": 19.53, "Y": 0, "Z": 24.58 } }, { "LeftPoint": { "X": 20.89, "Y": 0, "Z": 24.06 }, "RightPoint": { "X": 19.48, "Y": 0, "Z": 24.33 } }, { "LeftPoint": { "X": 20.89, "Y": 0, "Z": 24.06 }, "RightPoint": { "X": 19.45, "Y": 0, "Z": 24.14 } }, { "LeftPoint": { "X": 20.75, "Y": 0, "Z": 21.46 }, "RightPoint": { "X": 19.31, "Y": 0, "Z": 21.54 } }, { "LeftPoint": { "X": 20.71, "Y": 0, "Z": 21.22 }, "RightPoint": { "X": 19.31, "Y": 0, "Z": 21.54 } }, { "LeftPoint": { "X": 20.63, "Y": 0, "Z": 20.95 }, "RightPoint": { "X": 19.26, "Y": 0, "Z": 21.4 } }, { "LeftPoint": { "X": 20.51, "Y": 0, "Z": 20.64 }, "RightPoint": { "X": 19.17, "Y": 0, "Z": 21.17 } }, { "LeftPoint": { "X": 20.4, "Y": 0, "Z": 20.38 }, "RightPoint": { "X": 19.1, "Y": 0, "Z": 21.01 } }, { "LeftPoint": { "X": 20.28, "Y": 0, "Z": 20.17 }, "RightPoint": { "X": 19.1, "Y": 0, "Z": 21.01 } }, { "LeftPoint": { "X": 20.14, "Y": 0, "Z": 20.02 }, "RightPoint": { "X": 19.1, "Y": 0, "Z": 21.01 } }, { "LeftPoint": { "X": 19.94, "Y": 0, "Z": 19.83 }, "RightPoint": { "X": 18.98, "Y": 0, "Z": 20.9 } }, { "LeftPoint": { "X": 19.69, "Y": 0, "Z": 19.61 }, "RightPoint": { "X": 18.76, "Y": 0, "Z": 20.71 } }, { "LeftPoint": { "X": 19.48, "Y": 0, "Z": 19.44 }, "RightPoint": { "X": 18.6, "Y": 0, "Z": 20.58 } }, { "LeftPoint": { "X": 19.31, "Y": 0, "Z": 19.33 }, "RightPoint": { "X": 18.6, "Y": 0, "Z": 20.58 } }, { "LeftPoint": { "X": 19.08, "Y": 0, "Z": 19.22 }, "RightPoint": { "X": 18.59, "Y": 0, "Z": 20.57 } }, { "LeftPoint": { "X": 18.82, "Y": 0, "Z": 19.14 }, "RightPoint": { "X": 18.43, "Y": 0, "Z": 20.53 } }, { "LeftPoint": { "X": 18.49, "Y": 0, "Z": 19.06 }, "RightPoint": { "X": 18.16, "Y": 0, "Z": 20.46 } }, { "LeftPoint": { "X": 18.23, "Y": 0, "Z": 19 }, "RightPoint": { "X": 17.98, "Y": 0, "Z": 20.42 } }, { "LeftPoint": { "X": 18, "Y": 0, "Z": 18.98 }, "RightPoint": { "X": 17.98, "Y": 0, "Z": 20.42 } }, { "LeftPoint": { "X": 16.7, "Y": 0, "Z": 18.98 }, "RightPoint": { "X": 16.7, "Y": 0, "Z": 20.42 } }, { "LeftPoint": { "X": 16.68, "Y": 0, "Z": 18.98 }, "RightPoint": { "X": 16.57, "Y": 0, "Z": 20.41 } }, { "LeftPoint": { "X": 16.44, "Y": 0, "Z": 18.96 }, "RightPoint": { "X": 16.32, "Y": 0, "Z": 20.39 } }, { "LeftPoint": { "X": 16.09, "Y": 0, "Z": 18.93 }, "RightPoint": { "X": 15.96, "Y": 0, "Z": 20.36 } }, { "LeftPoint": { "X": 15.85, "Y": 0, "Z": 18.91 }, "RightPoint": { "X": 15.71, "Y": 0, "Z": 20.34 } }, { "LeftPoint": { "X": 15.83, "Y": 0, "Z": 18.91 }, "RightPoint": { "X": 15.59, "Y": 0, "Z": 20.33 } }, { "LeftPoint": { "X": 15.61, "Y": 0, "Z": 18.87 }, "RightPoint": { "X": 15.37, "Y": 0, "Z": 20.29 } }, { "LeftPoint": { "X": 15.61, "Y": 0, "Z": 18.87 }, "RightPoint": { "X": 15.1, "Y": 0, "Z": 20.21 } }, { "LeftPoint": { "X": 15.55, "Y": 0, "Z": 18.82 }, "RightPoint": { "X": 14.83, "Y": 0, "Z": 20.07 } }, { "LeftPoint": { "X": 15.39, "Y": 0, "Z": 18.72 }, "RightPoint": { "X": 14.55, "Y": 0, "Z": 19.89 } }, { "LeftPoint": { "X": 15.29, "Y": 0, "Z": 18.65 }, "RightPoint": { "X": 14.32, "Y": 0, "Z": 19.7 } }, { "LeftPoint": { "X": 15.29, "Y": 0, "Z": 18.65 }, "RightPoint": { "X": 14.12, "Y": 0, "Z": 19.48 } }, { "LeftPoint": { "X": 15.08, "Y": 0, "Z": 18.32 }, "RightPoint": { "X": 13.88, "Y": 0, "Z": 19.12 } }, { "LeftPoint": { "X": 15.06, "Y": 0, "Z": 18.28 }, "RightPoint": { "X": 13.83, "Y": 0, "Z": 19.03 } }, { "LeftPoint": { "X": 14.93, "Y": 0, "Z": 18.07 }, "RightPoint": { "X": 13.7, "Y": 0, "Z": 18.82 } }, { "LeftPoint": { "X": 14.74, "Y": 0, "Z": 17.76 }, "RightPoint": { "X": 13.51, "Y": 0, "Z": 18.5 } }, { "LeftPoint": { "X": 14.62, "Y": 0, "Z": 17.55 }, "RightPoint": { "X": 13.38, "Y": 0, "Z": 18.29 } }, { "LeftPoint": { "X": 14.6, "Y": 0, "Z": 17.52 }, "RightPoint": { "X": 13.33, "Y": 0, "Z": 18.2 } }, { "LeftPoint": { "X": 14.35, "Y": 0, "Z": 17.05 }, "RightPoint": { "X": 13.08, "Y": 0, "Z": 17.74 } }, { "LeftPoint": { "X": 14.23, "Y": 0, "Z": 16.83 }, "RightPoint": { "X": 12.96, "Y": 0, "Z": 17.52 } }, { "LeftPoint": { "X": 14.16, "Y": 0, "Z": 16.7 }, "RightPoint": { "X": 12.89, "Y": 0, "Z": 17.39 } }, { "LeftPoint": { "X": 13.5, "Y": 0, "Z": 17 }, "RightPoint": { "X": 13.5, "Y": 0, "Z": 17 } }, { "LeftPoint": { "X": 13.47, "Y": 0, "Z": 16.28 }, "RightPoint": { "X": 13.47, "Y": 0, "Z": 17.72 } }, { "LeftPoint": { "X": 13.37, "Y": 0, "Z": 16.28 }, "RightPoint": { "X": 13.37, "Y": 0, "Z": 17.72 } }, { "LeftPoint": { "X": 13.21, "Y": 0, "Z": 16.28 }, "RightPoint": { "X": 13.21, "Y": 0, "Z": 17.72 } }, { "LeftPoint": { "X": 12.99, "Y": 0, "Z": 16.28 }, "RightPoint": { "X": 12.99, "Y": 0, "Z": 17.72 } }, { "LeftPoint": { "X": 12.7, "Y": 0, "Z": 16.28 }, "RightPoint": { "X": 12.7, "Y": 0, "Z": 17.72 } }, { "LeftPoint": { "X": 4, "Y": 0, "Z": 16.28 }, "RightPoint": { "X": 4, "Y": 0, "Z": 17.72 } } ], "DisableRally": false } } }