{ "GameEntityList": [ { "UnitName": "Environment Temple Floor", "Position": [ 13.5, 0, 20 ], "Rotation": [ 0, 0, 0, 1 ], "Player": 1 }, { "UnitName": "Environment Temple Floor", "Position": [ 13.5, 0, 15 ], "Rotation": [ 0, 0, 0, 1 ], "Player": 1 }, { "UnitName": "Environment Temple Floor", "Position": [ 13.5, 0, 10 ], "Rotation": [ 0, 0, 0, 1 ], "Player": 1 }, { "UnitName": "Environment Temple Floor", "Position": [ 13.5, 0, 25 ], "Rotation": [ 0, 0, 0, 1 ], "Player": 1 }, { "UnitName": "Environment Temple Floor", "Position": [ 13.5, 0, 5 ], "Rotation": [ 0, 0, 0, 1 ], "Player": 1 }, { "UnitName": "Environment Temple Floor", "Position": [ 13.5, 0, 30 ], "Rotation": [ 0, 0, 0, 1 ], "Player": 1 }, { "UnitName": "Environment Temple Wall", "Position": [ 9.5, 0, 20 ], "Rotation": [ 0, 0.71, 0, 0.71 ], "Player": 1 }, { "UnitName": "Environment Temple Wall", "Position": [ 9.5, 0, 15 ], "Rotation": [ 0, 0.71, 0, 0.71 ], "Player": 1 }, { "UnitName": "Environment Temple Wall", "Position": [ 9.5, 0, 25 ], "Rotation": [ 0, 0.71, 0, 0.71 ], "Player": 1 }, { "UnitName": "Environment Temple Wall", "Position": [ 9.5, 0, 30 ], "Rotation": [ 0, 0.71, 0, 0.71 ], "Player": 1 }, { "UnitName": "Environment Temple Wall", "Position": [ 9.5, 0, 10 ], "Rotation": [ 0, 0.71, 0, 0.71 ], "Player": 1 }, { "UnitName": "Environment Temple Wall", "Position": [ 9.5, 0, 5 ], "Rotation": [ 0, 0.71, 0, 0.71 ], "Player": 1 }, { "UnitName": "Environment Temple Lower Wall", "Position": [ 22.25, 0, 35 ], "Rotation": [ 0, 0.71, 0, 0.71 ], "Player": 1 }, { "UnitName": "Environment Temple Lower Wall", "Position": [ 22.25, 0, 30 ], "Rotation": [ 0, 0.71, 0, 0.71 ], "Player": 1 }, { "UnitName": "Environment Temple Lower Wall", "Position": [ 22.25, 0, 25 ], "Rotation": [ 0, 0.71, 0, 0.71 ], "Player": 1 }, { "UnitName": "Environment Temple Lower Wall", "Position": [ 22.25, 0, 20 ], "Rotation": [ 0, 0.71, 0, 0.71 ], "Player": 1 }, { "UnitName": "Environment Temple Lower Wall", "Position": [ 22.25, 0, 15 ], "Rotation": [ 0, 0.71, 0, 0.71 ], "Player": 1 }, { "UnitName": "Environment Temple Lower Wall", "Position": [ 22.25, 0, 10 ], "Rotation": [ 0, 0.71, 0, 0.71 ], "Player": 1 }, { "UnitName": "Environment Temple Floor", "Position": [ 18.5, 0, 30 ], "Rotation": [ 0, 0, 0, 1 ], "Player": 1 }, { "UnitName": "Environment Temple Floor", "Position": [ 18.5, 0, 25 ], "Rotation": [ 0, 0, 0, 1 ], "Player": 1 }, { "UnitName": "Environment Temple Floor", "Position": [ 18.5, 0, 20 ], "Rotation": [ 0, 0, 0, 1 ], "Player": 1 }, { "UnitName": "Environment Temple Floor", "Position": [ 18.5, 0, 15 ], "Rotation": [ 0, 0, 0, 1 ], "Player": 1 }, { "UnitName": "Environment Temple Floor", "Position": [ 18.5, 0, 10 ], "Rotation": [ 0, 0, 0, 1 ], "Player": 1 }, { "UnitName": "Environment Temple Floor", "Position": [ 18.5, 0, 5 ], "Rotation": [ 0, 0, 0, 1 ], "Player": 1 }, { "UnitName": "Environment Temple Roof", "Position": [ 5.75, 0, 5 ], "Rotation": [ 0, 0, 0, 1 ], "Player": 1 }, { "UnitName": "Environment Temple Roof", "Position": [ 5.75, 0, 10 ], "Rotation": [ 0, 0, 0, 1 ], "Player": 1 }, { "UnitName": "Environment Temple Roof", "Position": [ 5.75, 0, 15 ], "Rotation": [ 0, 0, 0, 1 ], "Player": 1 }, { "UnitName": "Environment Temple Roof", "Position": [ 5.75, 0, 20 ], "Rotation": [ 0, 0, 0, 1 ], "Player": 1 }, { "UnitName": "Environment Temple Roof", "Position": [ 5.75, 0, 25 ], "Rotation": [ 0, 0, 0, 1 ], "Player": 1 }, { "UnitName": "Environment Temple Roof", "Position": [ 5.75, 0, 30 ], "Rotation": [ 0, 0, 0, 1 ], "Player": 1 }, { "UnitName": "Environment Temple Lower Floor", "Position": [ 26.25, 0, 35 ], "Rotation": [ 0, 0, 0, 1 ], "Player": 1 }, { "UnitName": "Environment Temple Lower Floor", "Position": [ 26.25, 0, 5 ], "Rotation": [ 0, 0, 0, 1 ], "Player": 1 }, { "UnitName": "Environment Temple Lower Floor", "Position": [ 26.25, 0, 10 ], "Rotation": [ 0, 0, 0, 1 ], "Player": 1 }, { "UnitName": "Environment Temple Lower Floor", "Position": [ 26.25, 0, 15 ], "Rotation": [ 0, 0, 0, 1 ], "Player": 1 }, { "UnitName": "Environment Temple Lower Floor", "Position": [ 26.25, 0, 20 ], "Rotation": [ 0, 0, 0, 1 ], "Player": 1 }, { "UnitName": "Environment Temple Lower Floor", "Position": [ 26.25, 0, 25 ], "Rotation": [ 0, 0, 0, 1 ], "Player": 1 }, { "UnitName": "Environment Temple Wall", "Position": [ 9.5, 0, 35 ], "Rotation": [ 0, 0.71, 0, 0.71 ], "Player": 1 }, { "UnitName": "Environment Temple Lower Wall", "Position": [ 22.25, 0, 5 ], "Rotation": [ 0, 0.71, 0, 0.71 ], "Player": 1 }, { "UnitName": "Environment Temple Lower Floor", "Position": [ 26.25, 0, 30 ], "Rotation": [ 0, 0, 0, 1 ], "Player": 1 }, { "UnitName": "Environment Temple Roof", "Position": [ 5.75, 0, 35 ], "Rotation": [ 0, 0, 0, 1 ], "Player": 1 }, { "UnitName": "Environment Temple Floor", "Position": [ 18.5, 0, 35 ], "Rotation": [ 0, 0, 0, 1 ], "Player": 1 }, { "UnitName": "Environment Temple Floor", "Position": [ 13.5, 0, 35 ], "Rotation": [ 0, 0, 0, 1 ], "Player": 1 }, { "UnitName": "Environment Temple Lower Floor", "Position": [ 26.25, 0, 40 ], "Rotation": [ 0, 0, 0, 1 ], "Player": 1 }, { "UnitName": "Environment Temple Lower Wall", "Position": [ 22.25, 0, 40 ], "Rotation": [ 0, 0.71, 0, 0.71 ], "Player": 1 }, { "UnitName": "Environment Temple Floor", "Position": [ 18.5, 0, 40 ], "Rotation": [ 0, 0, 0, 1 ], "Player": 1 }, { "UnitName": "Environment Temple Floor", "Position": [ 13.5, 0, 40 ], "Rotation": [ 0, 0, 0, 1 ], "Player": 1 }, { "UnitName": "Environment Temple Wall", "Position": [ 9.5, 0, 40 ], "Rotation": [ 0, 0.71, 0, 0.71 ], "Player": 1 }, { "UnitName": "Environment Temple Roof", "Position": [ 5.75, 0, 40 ], "Rotation": [ 0, 0, 0, 1 ], "Player": 1 } ], "RegionList": [ { "regionName": "Killzone", "center": { "X": 16, "Y": 0, "Z": 2 }, "sizeX": 16, "sizeY": 2 }, { "regionName": "BankerTargetArea", "center": { "X": 16, "Y": 0, "Z": 20 }, "sizeX": 16, "sizeY": 16 }, { "regionName": "BankerSpawnArea", "center": { "X": 16, "Y": 0, "Z": 2 }, "sizeX": 2, "sizeY": 2.2000000476837158 } ] }